sku,descripcion,unidades_compradas_pagadas,unidades_promocion_obtenidas,unidades_vendidas,precio_promedio_venta,unidades_promo_monetizadas,unidades_promo_no_monetizadas,%_promos_no_monetizadas,ingreso_esperado_promos,ingreso_estimado_promos_monetizados,brecha_ingreso_promos
400044,PILOPEPTAN CHAMPÚ - WOMAN|,25.0,5.0,1.0,30.35,0.0,5.0,100.0,151.75,0.0,151.75
500005,ANTHEMIS TALCO 120GR,21.0,7.0,13.0,13.17,0.0,7.0,100.0,92.19,0.0,92.19
500008,LOCIÓN ANTITRANSPIRANTE 100ML,23.0,5.0,25.0,12.14,2.0,3.0,60.0,60.7,24.28,36.42
400004,FLUIDBASE REDERM GEL FORTE AHA|15%,5.0,1.0,5.0,35.67,0.0,1.0,100.0,35.67,0.0,35.67
400005,FLUIDBASE REDERM LOCIÓN AHA|10%,5.0,1.0,3.0,35.6,0.0,1.0,100.0,35.6,0.0,35.6
400046,PILOPEPTAN LOCIÓN FORMULABLE,5.0,1.0,2.0,32.4,0.0,1.0,100.0,32.4,0.0,32.4
400012,GENOSUN PIGMENT REPAIR,5.0,1.0,1.0,26.68,0.0,1.0,100.0,26.68,0.0,26.68
400007,GENOCUTÁN GEL DERMATOLÓGICO|500ML,5.0,1.0,4.0,26.18,0.0,1.0,100.0,26.18,0.0,26.18
400049,PILOPEPTAN REPARADOR UÑAS - GEL,15.0,3.0,17.0,18.31529411764706,2.0,1.0,33.33333333333333,54.94588235294118,36.63058823529412,18.315294117647063
FA-1202,METRORUBORIL AZ 30 ML,0.0,0.0,13.0,26.682307692307692,0.0,0.0,0.0,0.0,0.0,0.0
FA-1204,MICOZONE 250MG COMP X14,0.0,0.0,1.0,1.65,0.0,0.0,0.0,0.0,0.0,0.0
FA-1205,"MINOXIDIL 2,5MG+FINASTERIDE 2,5MG CAPS",0.0,0.0,54.0,1.3400000000000003,0.0,0.0,0.0,0.0,0.0,0.0
FA-1206,MINOXIDIL 2.5MG CAPSULAS,0.0,0.0,327.0,0.6,0.0,0.0,0.0,0.0,0.0,0.0
FA-1207,MINOXIDIL 5MG CAJA*30,0.0,0.0,377.0,0.75,0.0,0.0,0.0,0.0,0.0,0.0
FA-1208,MIQUIMOD 5% CREMA X3G,0.0,0.0,6.0,27.3,0.0,0.0,0.0,0.0,0.0,0.0
FA-1211,MOMED CREMA 30GR,0.0,0.0,3.0,19.25,0.0,0.0,0.0,0.0,0.0,0.0
FA-1212,MUPAX CREMA 15GR,0.0,0.0,15.0,6.9879999999999995,0.0,0.0,0.0,0.0,0.0,0.0
FA-1220,NUPEL UNGUENTO TUBO*30G,0.0,0.0,19.0,15.671052631578947,0.0,0.0,0.0,0.0,0.0,0.0
FA-1226,PHOTOCARE IP GEL COLOR X 50G,0.0,0.0,3.0,26.353333333333335,0.0,0.0,0.0,0.0,0.0,0.0
FA-1228,PILEXIL ANTICAIDA CAPS X50,0.0,0.0,50.0,0.53,0.0,0.0,0.0,0.0,0.0,0.0
FA-1229,PILOPEPTAN CHAMPU SEB DS,0.0,0.0,16.0,16.42,0.0,0.0,0.0,0.0,0.0,0.0
FA-1230,PILOPEPTAN INTENSIVE SOBRE,0.0,0.0,177.0,3.25,0.0,0.0,0.0,0.0,0.0,0.0
FA-1233,PILOPEPTAN SEB CAPSU X30,0.0,0.0,200.0,1.27,0.0,0.0,0.0,0.0,0.0,0.0
FA-1203,MICOZONE 1% CREMA X15G,0.0,0.0,1.0,4.7,0.0,0.0,0.0,0.0,0.0,0.0
FA-1201,METOTREXATO MEDICAMENTA COMP 2.5 MG *100,0.0,0.0,91.0,0.17,0.0,0.0,0.0,0.0,0.0,0.0
FA-1197,MEBO HERNAL UNGX0.25%X30GR,0.0,0.0,5.0,14.190000000000001,0.0,0.0,0.0,0.0,0.0,0.0
FA-1196,"MAXIDERM 0,1% CREMA TUBO X15G",0.0,0.0,4.0,3.3,0.0,0.0,0.0,0.0,0.0,0.0
FA-1193,MAAT MOUSE TONO 3 CREMA X25G,0.0,0.0,15.0,22.91,0.0,0.0,0.0,0.0,0.0,0.0
FA-1192,MAAT MOUSE TONO 2 CREMA X25G,0.0,0.0,4.0,21.98,0.0,0.0,0.0,0.0,0.0,0.0
FA-1190,LUMED EMULGEL X40G,0.0,0.0,3.0,26.38,0.0,0.0,0.0,0.0,0.0,0.0
FA-1189,LUMED BASE COMPACTA TONO OSCURO 11G,0.0,0.0,3.0,27.5,0.0,0.0,0.0,0.0,0.0,0.0
FA-1188,LUMED BASE COMPACTA TONO CLARO 11G,0.0,0.0,2.0,27.48,0.0,0.0,0.0,0.0,0.0,0.0
FA-1187,LOMAZOL 5MG COMP X10,0.0,0.0,8.0,0.73,0.0,0.0,0.0,0.0,0.0,0.0
FA-1185,LIPIKAR CR AP+400ML,0.0,0.0,6.0,31.3,0.0,0.0,0.0,0.0,0.0,0.0
FA-1182,LEVOTREX 5MG CAPS BLAN X10,0.0,0.0,4.0,0.73,0.0,0.0,0.0,0.0,0.0,0.0
FA-1181,LETIXER Q CREMA (SEQUEDAD EXTREMA) X100ML,0.0,0.0,2.0,24.64,0.0,0.0,0.0,0.0,0.0,0.0
FA-1180,LETIXER D CREMA (PIEL MUY SECA)X200ML,0.0,0.0,20.0,30.74,0.0,0.0,0.0,0.0,0.0,0.0
FA-1177,LETI AT-4 GEL X 250ML,0.0,0.0,18.0,19.58,0.0,0.0,0.0,0.0,0.0,0.0
FA-1232,PILOPEPTAN MASCARILLA CAPILAR,0.0,0.0,1.0,27.85,0.0,0.0,0.0,0.0,0.0,0.0
FA-1297,URELIA 50 TUBO 40ML,0.0,0.0,1.0,23.22,0.0,0.0,0.0,0.0,0.0,0.0
FA-1295,"UREA 10%,ACSALICILICO6% CLOBESOL0.05% LA1% 100G",0.0,0.0,3.0,20.0,0.0,0.0,0.0,0.0,0.0,0.0
FA-1294,UNITONE 4 WHITE ADVANCE,0.0,0.0,5.0,27.612000000000002,0.0,0.0,0.0,0.0,0.0,0.0
FA-1292,UMBRELLA GEL 50+60G IMP,0.0,0.0,1.0,17.5,0.0,0.0,0.0,0.0,0.0,0.0
FA-1291,TRILUMA CREMA X 15GR,0.0,0.0,45.0,55.22933333333333,0.0,0.0,0.0,0.0,0.0,0.0
FA-1287,TRANEZAM 500MG TAB CX10,0.0,0.0,30.0,1.07,0.0,0.0,0.0,0.0,0.0,0.0
FA-1284,TERFIN SOLU/SPRAY 30ML,0.0,0.0,3.0,5.82,0.0,0.0,0.0,0.0,0.0,0.0
FA-1283,TERBIFUNG CREMA 1% X 15 G,0.0,0.0,1.0,7.5,0.0,0.0,0.0,0.0,0.0,0.0
FA-1277,STRATADERM GEL 10G,0.0,0.0,5.0,28.1,0.0,0.0,0.0,0.0,0.0,0.0
FA-1276,SPECTRAL RS 60ML,0.0,0.0,2.0,31.0,0.0,0.0,0.0,0.0,0.0,0.0
FA-1275,SPECTRAL F7 60ML,0.0,0.0,2.0,28.28,0.0,0.0,0.0,0.0,0.0,0.0
FA-1271,SENSYLIA 40ML,0.0,0.0,8.0,22.6475,0.0,0.0,0.0,0.0,0.0,0.0
FA-1268,SECALIA BALM TUBO 200ML,0.0,0.0,1.0,22.59,0.0,0.0,0.0,0.0,0.0,0.0
FA-1265,SARNOL CRE 5G TUBOX40GR,0.0,0.0,4.0,4.8,0.0,0.0,0.0,0.0,0.0,0.0
FA-1176,LETI AT-4 CREMA FACIAL X50ML,0.0,0.0,3.0,21.05,0.0,0.0,0.0,0.0,0.0,0.0
FA-1263,SALISH K SHAMPOO X10ML,0.0,0.0,3.0,16.23,0.0,0.0,0.0,0.0,0.0,0.0
FA-1262,SALISH K PLUS SHAMPOO FRASCO 260G,0.0,0.0,2.0,17.1,0.0,0.0,0.0,0.0,0.0,0.0
FA-1261,RUBORIL EXPERT S 40ML,0.0,0.0,3.0,21.92,0.0,0.0,0.0,0.0,0.0,0.0
FA-1260,RUBORIL EXPERT INTENSE 15 ML,0.0,0.0,15.0,23.134,0.0,0.0,0.0,0.0,0.0,0.0
FA-1259,RUBORIL EXPERT 50 + 40 ML,0.0,0.0,1.0,20.39,0.0,0.0,0.0,0.0,0.0,0.0
FA-1256,REVITA SHAMPOO FRASCO 205ML,0.0,0.0,10.0,26.96,0.0,0.0,0.0,0.0,0.0,0.0
FA-1255,REVITA ACONDICIONADOR 205ML,0.0,0.0,16.0,26.96,0.0,0.0,0.0,0.0,0.0,0.0
FA-1254,RETINOL SERUM B3 ANTI ARRUGAS 30ML,0.0,0.0,1.0,43.25,0.0,0.0,0.0,0.0,0.0,0.0
FA-1253,RETINOL + VC CREMA X 30MG,0.0,0.0,1.0,33.48,0.0,0.0,0.0,0.0,0.0,0.0
FA-1249,REPELENTE CREMA X 130G,0.0,0.0,6.0,3.2999999999999994,0.0,0.0,0.0,0.0,0.0,0.0
FA-1246,QUERATOL 10 CREMA X200G,0.0,0.0,1.0,16.98,0.0,0.0,0.0,0.0,0.0,0.0
FA-1241,PRESACOR TABX20MGX20,0.0,0.0,44.0,0.44,0.0,0.0,0.0,0.0,0.0,0.0
FA-1237,PILOPEPTAN WOMAN X 30COMP,0.0,0.0,54.0,1.5,0.0,0.0,0.0,0.0,0.0,0.0
FA-1236,PILOPEPTAN WOMAN SERUM CAPILAR 30ML,0.0,0.0,1.0,20.22,0.0,0.0,0.0,0.0,0.0,0.0
FA-1234,PILOPEPTAN WOMAN CHAMPU 250ML,0.0,0.0,25.0,28.9,0.0,0.0,0.0,0.0,0.0,0.0
FA-1264,SALISH-K ANTICAIDA CAJAX60 COMP,0.0,0.0,420.0,0.5,0.0,0.0,0.0,0.0,0.0,0.0
FA-1031,BERSEN 20MG CAJ*20,0.0,0.0,445.0,0.5899999999999999,0.0,0.0,0.0,0.0,0.0,0.0
FA-1034,BETAZOL ESPUMA X 50G,0.0,0.0,38.0,10.62,0.0,0.0,0.0,0.0,0.0,0.0
FA-1036,BILAXTEN 20MG COMP X20,0.0,0.0,25.0,1.27,0.0,0.0,0.0,0.0,0.0,0.0
FA-1040,BIRETIX ISOREPAIR CR TUBO 50ML,0.0,0.0,4.0,23.4,0.0,0.0,0.0,0.0,0.0,0.0
FA-1041,BIRETIX MASK SEBORREGULADORA EMUL X 25ML,0.0,0.0,5.0,30.9,0.0,0.0,0.0,0.0,0.0,0.0
FA-1042,BLIKADERM CREMA 30G,0.0,0.0,1.0,34.95,0.0,0.0,0.0,0.0,0.0,0.0
FA-1043,BODYTONE WHITE X100ML,0.0,0.0,1.0,26.15,0.0,0.0,0.0,0.0,0.0,0.0
FA-1174,LACTOSLEEP FRASCO X 30 CAPSULAS,0.0,0.0,5.0,1.1,0.0,0.0,0.0,0.0,0.0,0.0
FA-1048,CEFRIN 500MG X 20 CAPSULAS,0.0,0.0,29.0,0.25,0.0,0.0,0.0,0.0,0.0,0.0
FA-1050,CERAMID GEL LOTION 100ML,0.0,0.0,11.0,16.91272727272727,0.0,0.0,0.0,0.0,0.0,0.0
FA-1052,CICABIO CREMA REPAIRING 40ML,0.0,0.0,1.0,23.1,0.0,0.0,0.0,0.0,0.0,0.0
FA-1055,CLARIAL CREMA FACIAL 30G,0.0,0.0,7.0,23.264285714285712,0.0,0.0,0.0,0.0,0.0,0.0
FA-1057,CLARIAL SERUM FACIAL 30ML,0.0,0.0,5.0,22.756,0.0,0.0,0.0,0.0,0.0,0.0
FA-1058,CLEXANE AMP-PRELLX40MGX0.4MLX2IMP,0.0,0.0,2.0,8.98,0.0,0.0,0.0,0.0,0.0,0.0
FA-1059,CLOBESOL L.A CREMA TUBO X30G,0.0,0.0,4.0,7.95,0.0,0.0,0.0,0.0,0.0,0.0
FA-1060,CLOB-X CHAMPU X 15ML,0.0,0.0,2.0,26.56,0.0,0.0,0.0,0.0,0.0,0.0
FA-1045,CANDID DUSTING 100MG X 1 FRASCO 100G,0.0,0.0,1.0,6.0,0.0,0.0,0.0,0.0,0.0,0.0
DPD0113,STRATAMED 10 G,0.0,0.0,14.0,43.48,0.0,0.0,0.0,0.0,0.0,0.0
DTFAL020 02,TIZO 3,0.0,0.0,1.0,44.5,0.0,0.0,0.0,0.0,0.0,0.0
DU-1000,DUCRAY-ANAPHASECUIDADOS ANTICAÍDAANAPHASE+ SHAMPOO 200ML,0.0,0.0,7.0,21.62,0.0,0.0,0.0,0.0,0.0,0.0
DU-1005,DUCRAY-NEOPTIDECUIDADOS ANTICAÍDANEOPTIDE EXPERT 2X50ML,0.0,0.0,2.0,65.08,0.0,0.0,0.0,0.0,0.0,0.0
FA-1002,ACIDO TRANEXAMICO 5% MAS NIACINAMIDA 5% CRMGEL 20G,0.0,0.0,2.0,25.0,0.0,0.0,0.0,0.0,0.0,0.0
FA-1003,ACNETAB FRASCO X 30 TABLETAS,0.0,0.0,20.0,0.52,0.0,0.0,0.0,0.0,0.0,0.0
FA-1004,ACNOTIN 10MG CAPS BLAN X30,0.0,0.0,337.0,0.9061424332344213,0.0,0.0,0.0,0.0,0.0,0.0
FA-1005,ACNOTIN 20MG CAPS BLAN X30,0.0,0.0,283.0,1.3025795053003533,0.0,0.0,0.0,0.0,0.0,0.0
FA-1025,BAGOMICINA 100MG COMP REC X1,0.0,0.0,896.0,0.84,0.0,0.0,0.0,0.0,0.0,0.0
FA-1008,ACTIVA SHAMPOO 200ML,0.0,0.0,4.0,18.85,0.0,0.0,0.0,0.0,0.0,0.0
FA-1009,AKUN SPOT NIGTH FRASCO 50ML,0.0,0.0,5.0,20.69,0.0,0.0,0.0,0.0,0.0,0.0
FA-1010,ALERFEDINE 180MG COMP REC X10,0.0,0.0,80.0,1.7,0.0,0.0,0.0,0.0,0.0,0.0
FA-1013,AQUAPRIM CREMA 30G,0.0,0.0,12.0,30.08,0.0,0.0,0.0,0.0,0.0,0.0
FA-1014,AQUATOP CREMA RESTAURADORA INTENSIVA TUBO X250G,0.0,0.0,2.0,26.5,0.0,0.0,0.0,0.0,0.0,0.0
FA-1020,AZA 20 CREMA TUBO 30GR,0.0,0.0,1.0,17.87,0.0,0.0,0.0,0.0,0.0,0.0
FA-1023,BABY GEL LIMPIADOR 3 EN 1 200ML,0.0,0.0,3.0,16.4,0.0,0.0,0.0,0.0,0.0,0.0
FA-1024,BACLOCEL 500MGX6 COMPRIMIDOS RECUBIERTOS,0.0,0.0,3.0,1.18,0.0,0.0,0.0,0.0,0.0,0.0
FA-1006,ACROVIR 500MG COMP RECX10,0.0,0.0,25.0,1.57,0.0,0.0,0.0,0.0,0.0,0.0
FA-1118,EXIMIA HYALU FILLER COMPLEX 3D CONTORNO OJOS 15G,0.0,0.0,3.0,17.85,0.0,0.0,0.0,0.0,0.0,0.0
FA-1125,FORMULAS MAGISTRAL MINOXIDIL 1MG*30CAPS,0.0,0.0,120.0,0.5,0.0,0.0,0.0,0.0,0.0,0.0
FA-1128,FREEACNE GEL 1%+5% FRASCO DUO X30G,0.0,0.0,17.0,24.28882352941176,0.0,0.0,0.0,0.0,0.0,0.0
FA-1136,GERSITOL AGE LOCION 50ML,0.0,0.0,2.0,20.45,0.0,0.0,0.0,0.0,0.0,0.0
FA-1137,GLYCO-A INTENSE PEEL 255*30ML,0.0,0.0,3.0,29.7,0.0,0.0,0.0,0.0,0.0,0.0
FA-1138,GLYCO-A MEDIUM PEEL 1% 30ML,0.0,0.0,2.0,27.5,0.0,0.0,0.0,0.0,0.0,0.0
FA-1143,GUANTES DERMATOLOGICO S/6,0.0,0.0,2.0,18.45,0.0,0.0,0.0,0.0,0.0,0.0
FA-1145,HELIOCARE 240/50MG CAPS X30,0.0,0.0,30.0,1.05,0.0,0.0,0.0,0.0,0.0,0.0
FA-1062,CURAM TAB875/15MG CAJ14,0.0,0.0,6.0,0.9500000000000001,0.0,0.0,0.0,0.0,0.0,0.0
FA-1156,HIDROXINA 25 MG COMP CAJAX20,0.0,0.0,73.0,0.13,0.0,0.0,0.0,0.0,0.0,0.0
FA-1159,HYNDRIAX 10MG X30CAPS,0.0,0.0,57.0,0.77,0.0,0.0,0.0,0.0,0.0,0.0
FA-1160,ILOTICINA SOL-TOPX10ML,0.0,0.0,3.0,13.25,0.0,0.0,0.0,0.0,0.0,0.0
FA-1166,IVERMIN 6MG CAJA X6,0.0,0.0,47.0,0.47,0.0,0.0,0.0,0.0,0.0,0.0
FA-1169,KETOCON BIO SHAMPOO1G FCO/*200ML,0.0,0.0,1.0,14.75,0.0,0.0,0.0,0.0,0.0,0.0
FA-1170,KONABON SHAMPOO 150ML,0.0,0.0,12.0,10.9,0.0,0.0,0.0,0.0,0.0,0.0
FA-1171,LACTIBON LOCION FRASCO 120ML,0.0,0.0,14.0,10.320000000000002,0.0,0.0,0.0,0.0,0.0,0.0
FA-1173,LACTOFLOR DERM FRASCO X 30 CAPSULAS,0.0,0.0,49.0,1.0999999999999999,0.0,0.0,0.0,0.0,0.0,0.0
FA-1149,HELIOCARE 360 GEL OILFREE+BEIGE 50ML,0.0,0.0,2.0,26.73,0.0,0.0,0.0,0.0,0.0,0.0
FA-1063,CUTANIT UNGT X 30G,0.0,0.0,2.0,21.25,0.0,0.0,0.0,0.0,0.0,0.0
FA-1064,CUTICLIN 10MG CBG CAJAX30UN CIAL,0.0,0.0,105.0,0.95,0.0,0.0,0.0,0.0,0.0,0.0
FA-1065,CUTICLIN 20MG CBG CAJAX30UN CIAL,0.0,0.0,15.0,1.27,0.0,0.0,0.0,0.0,0.0,0.0
FA-1066,CUTIVATE CREX0.05%X15GR,0.0,0.0,2.0,9.65,0.0,0.0,0.0,0.0,0.0,0.0
FA-1069,DALACIN 300MG CAJ*48,0.0,0.0,104.0,0.53,0.0,0.0,0.0,0.0,0.0,0.0
FA-1070,DANDRENE CONDITIONER 205ML,0.0,0.0,4.0,25.9,0.0,0.0,0.0,0.0,0.0,0.0
FA-1073,DAPSONA 100MG X50,0.0,0.0,60.0,0.38,0.0,0.0,0.0,0.0,0.0,0.0
FA-1074,DEBLAX VIT.D3 100.000 X 1 CAP BLANDA,0.0,0.0,3.0,18.36,0.0,0.0,0.0,0.0,0.0,0.0
FA-1117,EXIMIA AQUA MAT GEL X200ML,0.0,0.0,5.0,18.4,0.0,0.0,0.0,0.0,0.0,0.0
FA-1080,DERIVA C MICRO CAJA TUBO 30G,0.0,0.0,9.0,19.0,0.0,0.0,0.0,0.0,0.0,0.0
FA-1086,DERMOVATE CREX0.05%X30GR,0.0,0.0,2.0,8.33,0.0,0.0,0.0,0.0,0.0,0.0
FA-1090,EDAPIL M ESPUMA EN AEROSOL CAJA X FRASCO X100,0.0,0.0,7.0,27.8,0.0,0.0,0.0,0.0,0.0,0.0
FA-1092,EFFACLAR GEL MICROEX 200ML,0.0,0.0,1.0,19.74,0.0,0.0,0.0,0.0,0.0,0.0
FA-1093,EMOLIN NEO X240GR,0.0,0.0,5.0,15.220000000000002,0.0,0.0,0.0,0.0,0.0,0.0
FA-1098,ENDOCARE TENSAGE CONTORNO ILU 015ML,0.0,0.0,1.0,40.24,0.0,0.0,0.0,0.0,0.0,0.0
FA-1109,EUCERIN CR SUN GEL ULT LIGH-DRTBO 200ML,0.0,0.0,1.0,27.95,0.0,0.0,0.0,0.0,0.0,0.0
FA-1115,EUROCLIN 300MG CAJA X30 CAP,0.0,0.0,58.0,0.49000000000000005,0.0,0.0,0.0,0.0,0.0,0.0
FA-1075,DEFAL 30MG COMP X10,0.0,0.0,29.0,2.2199999999999998,0.0,0.0,0.0,0.0,0.0,0.0
FA-1502,NEORETIN CONTORNO OJOS,0.0,0.0,1.0,28.9,0.0,0.0,0.0,0.0,0.0,0.0
FA-1503,CICAPLAST BAUME B5,0.0,0.0,2.0,12.1,0.0,0.0,0.0,0.0,0.0,0.0
FA-1504,CICASTIM CREMA REPARADORA,0.0,0.0,2.0,12.81,0.0,0.0,0.0,0.0,0.0,0.0
FA-1507,KETOCON CREMA 30G,0.0,0.0,3.0,2.1,0.0,0.0,0.0,0.0,0.0,0.0
FA-1508,HELIOCARE 360 D PLUS CAPS 30,0.0,0.0,30.0,1.07,0.0,0.0,0.0,0.0,0.0,0.0
FA-1511,HELIOCARE 360 MD A-R EMULSION SPF50+ 50ML,0.0,0.0,7.0,29.57,0.0,0.0,0.0,0.0,0.0,0.0
FA-1515,CRESCINA HFSC 200 MAN AMPX20*20,0.0,0.0,1.0,89.96,0.0,0.0,0.0,0.0,0.0,0.0
DTFAL020 01,TIZO 2,0.0,0.0,1.0,43.14,0.0,0.0,0.0,0.0,0.0,0.0
FA-1523,URIAGE BARIDERM LABIAL 15ML,0.0,0.0,3.0,10.72,0.0,0.0,0.0,0.0,0.0,0.0
FA-1524,XERAC AC 35ML,0.0,0.0,1.0,31.42,0.0,0.0,0.0,0.0,0.0,0.0
FA-1525,P20 ORIGINAL SPF50+ 85ML,0.0,0.0,9.0,25.82,0.0,0.0,0.0,0.0,0.0,0.0
FA-1526,P20 FACE URBAN SHIELD SPF50+ 50G,0.0,0.0,5.0,26.32,0.0,0.0,0.0,0.0,0.0,0.0
FA-1528,MELA B3 CREMA SPF30 40ML,0.0,0.0,1.0,43.35,0.0,0.0,0.0,0.0,0.0,0.0
FA-1529,MELA B3 GEL LIMPIADOR 200ML,0.0,0.0,1.0,33.1,0.0,0.0,0.0,0.0,0.0,0.0
FA-1530,MELA B3 SERUM 30ML,0.0,0.0,1.0,53.45,0.0,0.0,0.0,0.0,0.0,0.0
FA-1531,BOOSTER NIA SÃ©RUM 15ML,0.0,0.0,1.0,28.0,0.0,0.0,0.0,0.0,0.0,0.0
FA-1521,URIAGE AGUA THERMAL 150ML,0.0,0.0,5.0,10.71,0.0,0.0,0.0,0.0,0.0,0.0
FA-1454,PERPIREX ORIGINAL 20ML,0.0,0.0,1.0,23.22,0.0,0.0,0.0,0.0,0.0,0.0
FA-1455,PERSPIREX MANOS 100ML,0.0,0.0,2.0,24.25,0.0,0.0,0.0,0.0,0.0,0.0
FA-1457,NEOTONE EYES 15ML,0.0,0.0,1.0,19.8,0.0,0.0,0.0,0.0,0.0,0.0
FA-1459,ISDIN GEL SERUM HYALU,0.0,0.0,2.0,32.0,0.0,0.0,0.0,0.0,0.0,0.0
FA-1461,FINASTERIDE 1MG,0.0,0.0,30.0,1.34,0.0,0.0,0.0,0.0,0.0,0.0
FA-1478,SUAVIGEL 40ML,0.0,0.0,2.0,28.32,0.0,0.0,0.0,0.0,0.0,0.0
FA-1480,CYLIANE EMULSION INTIMA 50G,0.0,0.0,13.0,20.550000000000004,0.0,0.0,0.0,0.0,0.0,0.0
FA-1481,CYLIANE BODY 240ML,0.0,0.0,17.0,25.0,0.0,0.0,0.0,0.0,0.0,0.0
FA-1497,CLARITE SERUM TX,0.0,0.0,88.0,41.10181818181818,0.0,0.0,0.0,0.0,0.0,0.0
FA-1484,NEXAM CR CREMA,0.0,0.0,4.0,31.35,0.0,0.0,0.0,0.0,0.0,0.0
FA-1485,EUCERIN CONT DE OJOS ANTIOJERAS 15ML,0.0,0.0,6.0,40.1,0.0,0.0,0.0,0.0,0.0,0.0
FA-1486,SECALIA ATO BALM,0.0,0.0,9.0,29.366666666666667,0.0,0.0,0.0,0.0,0.0,0.0
FA-1487,SECALIA ATO SHOWER,0.0,0.0,6.0,29.37,0.0,0.0,0.0,0.0,0.0,0.0
FA-1489,ATODERM ACEITE DUCHA 1LITS,0.0,0.0,4.0,26.85,0.0,0.0,0.0,0.0,0.0,0.0
FA-1491,GENOSUN REPARADOR DERMICO,0.0,0.0,5.0,12.25,0.0,0.0,0.0,0.0,0.0,0.0
FA-1495,PSOREX SHAMPOO 120 ML,0.0,0.0,18.0,12.15,0.0,0.0,0.0,0.0,0.0,0.0
FA-1496,PHOTOAGE WATER 50 FPS 40GR,0.0,0.0,3.0,28.0,0.0,0.0,0.0,0.0,0.0,0.0
FA-1483,DEPIWHIRE COLOR CREMA SPF50-40ML,0.0,0.0,1.0,28.9,0.0,0.0,0.0,0.0,0.0,0.0
RPR08,ROXICAINA ATOMIZADOR FCO|80GR,0.0,0.0,10.0,12.3,0.0,0.0,0.0,0.0,0.0,0.0
RPT10,TRANEXAM 500MG. TABLETAS,0.0,0.0,10.0,1.1800000000000002,0.0,0.0,0.0,0.0,0.0,0.0
SKL20-01- 003,"PT - SPOT NIGHT AKUN|FRASCO, SUSPENSIÓN 30 ML",0.0,0.0,25.0,21.0,0.0,0.0,0.0,0.0,0.0,0.0
SKL20-10- 001,"PT - AZA 20, CREMA 30GR",0.0,0.0,21.0,18.193333333333335,0.0,0.0,0.0,0.0,0.0,0.0
SKL20-10- 002,"PT - AZA REC, ÁCIDO AZELAICO|20%, DERMOGEL 30ML",0.0,0.0,2.0,27.54,0.0,0.0,0.0,0.0,0.0,0.0
SKL20-10- 003,"PT - KIARA, ÁCIDO AZELAICO 10%,|CREMA 30ML",0.0,0.0,13.0,34.75769230769231,0.0,0.0,0.0,0.0,0.0,0.0
SKL20-20- 002,"PT - NEXAM CR, ÁCIDO|TRANEXÁMICO 5%, SERUM 30ML",0.0,0.0,17.0,31.25,0.0,0.0,0.0,0.0,0.0,0.0
FA-1533,EUCERIN ANTIPIGMENT CREAM CORPORAL 200ML,0.0,0.0,51.0,34.380980392156864,0.0,0.0,0.0,0.0,0.0,0.0
UASCL,RECETARIO MAGISTRAL UREA AC SALICILICO CLOBETASOL LACTATO P 100,0.0,0.0,31.0,20.0,0.0,0.0,0.0,0.0,0.0,0.0
UR-1601,URIAGE-AGE ABSOLU-ANTI|EDAD-AGE NOCHE ABSOLU MASK NT|REDEN 50ML,0.0,0.0,2.0,54.0,0.0,0.0,0.0,0.0,0.0,0.0
UR-2000,URIAGE-BARIEDERM-REPARADORES-BARIEDERM CICA-CREMA 40ML,0.0,0.0,8.0,11.61,0.0,0.0,0.0,0.0,0.0,0.0
UR-3501.1,URIAGE-HYSEAC-ANTIIMPERFECCIONES-HYSEAC|GEL LIMPIADOR 150ML|,0.0,0.0,3.0,19.28,0.0,0.0,0.0,0.0,0.0,0.0
UR-3506,URIAGE-HYSEAC-ANTIIMPERFECCIONES- HYSEAC|SERUM F 30ML,0.0,0.0,2.0,30.0,0.0,0.0,0.0,0.0,0.0,0.0
UR-5002,URIAGE-XEMOSE-ATOPIA Y RESEQUEDAD-XEMOSE ACEITE LIMPIADOR 500ML,0.0,0.0,3.0,31.25,0.0,0.0,0.0,0.0,0.0,0.0
UR-5003,URIAGE-XEMOSE-ATOPIA Y|RESEQUEDAD-XEMOSE OLEO|500ML,0.0,0.0,14.0,25.06,0.0,0.0,0.0,0.0,0.0,0.0
UR-8508,URIAGE-CUIDADO E HIGIENEDESODORANTE-PACK|DESODORANTE 50ML X 2 IMP,0.0,0.0,35.0,22.3,0.0,0.0,0.0,0.0,0.0,0.0
SKL20-30- 001,"PT - DUTAXIL LOCIÓN,|TRATAMIENTO CAPILAR,|FRASCO 50ML",0.0,0.0,75.0,46.001599999999996,0.0,0.0,0.0,0.0,0.0,0.0
FA-1534,MILENOS 200ML 10% UREA,0.0,0.0,6.0,20.44,0.0,0.0,0.0,0.0,0.0,0.0
FA-1535,MICOTASTE POLVO 90G,0.0,0.0,30.0,5.1,0.0,0.0,0.0,0.0,0.0,0.0
FA-1536,JEROMA 100MG CAJA X 30 TABLETAS,0.0,0.0,28.0,0.23,0.0,0.0,0.0,0.0,0.0,0.0
FA-1537,LETIAT4 SH FCO 250ML,0.0,0.0,7.0,23.5,0.0,0.0,0.0,0.0,0.0,0.0
FA-1539,"KIARA , ACIDO AZELAICO 10% CREMA 30ML",0.0,0.0,1.0,34.75,0.0,0.0,0.0,0.0,0.0,0.0
FA-1540,EUCERIN HYALURON FILLER EPIGENE SER 30ML,0.0,0.0,17.0,60.02,0.0,0.0,0.0,0.0,0.0,0.0
FA-1542,DRYSOL 35ML,0.0,0.0,2.0,34.1,0.0,0.0,0.0,0.0,0.0,0.0
FA-1543,OILLANBABY+LECHE HIDRATANTE 200ML,0.0,0.0,30.0,21.923999999999996,0.0,0.0,0.0,0.0,0.0,0.0
POD,RECETARIO MAGISTRAL PODOFILINA,0.0,0.0,2.0,10.0,0.0,0.0,0.0,0.0,0.0,0.0
FA-1545,OILLAN BABY+BODY LOTION 3EN 1 400ML,0.0,0.0,21.0,26.07,0.0,0.0,0.0,0.0,0.0,0.0
IVERCRE M001,IVERCREM CREMA X 30GR|FECHA DE CADUCIDAD 30 11|2026 LOTE 44|,0.0,0.0,3.0,27.0,0.0,0.0,0.0,0.0,0.0,0.0
MED102,AQUASOL A DUAL FORTE GEL 30G.,0.0,0.0,1.0,23.28,0.0,0.0,0.0,0.0,0.0,0.0
MED103,AQUASOL A DUAL GEL 30G.,0.0,0.0,3.0,20.626666666666665,0.0,0.0,0.0,0.0,0.0,0.0
MONOESPIR OX100,MONOESPIROX 100MG - 30CAPS,0.0,0.0,6.0,28.7,0.0,0.0,0.0,0.0,0.0,0.0
MT,|MOPSALEM 10MG TABLETAS,0.0,0.0,2525.0,0.9867841584158417,0.0,0.0,0.0,0.0,0.0,0.0
OCE-000- 001,OILLAN MED BANO DERM. 64|400ML,0.0,0.0,16.0,25.63,0.0,0.0,0.0,0.0,0.0,0.0
OCE-000- 004,OILLAN BABY CREMA|HIDRATANTE Y EXFOLIANTE|PARA COSTRA LACTEA 40M,0.0,0.0,2.0,13.72,0.0,0.0,0.0,0.0,0.0,0.0
FA-1544,OILLAN MED+JABIN NUTRITIVO 100GR,0.0,0.0,10.0,9.95,0.0,0.0,0.0,0.0,0.0,0.0
FA-1330,IRALTONE SHAMPOO DS FRASCO*200ML,0.0,0.0,2.0,21.8,0.0,0.0,0.0,0.0,0.0,0.0
FA-1332,CITROVIT LS 500MG,0.0,0.0,60.0,0.28,0.0,0.0,0.0,0.0,0.0,0.0
FA-1334,DEVISAL CB 10000UI,0.0,0.0,75.0,14.053866666666666,0.0,0.0,0.0,0.0,0.0,0.0
FA-1335,STRATAMED CREMA 5G,0.0,0.0,7.0,28.26,0.0,0.0,0.0,0.0,0.0,0.0
FA-1338,ACNOTIN 10MGD,0.0,0.0,150.0,0.8073333333333333,0.0,0.0,0.0,0.0,0.0,0.0
FA-1342,MARIMER HIPERTONICO SPRAY 100ML,0.0,0.0,3.0,11.5,0.0,0.0,0.0,0.0,0.0,0.0
FA-1343,RELIPID BALSAMO RELIPIDANTE,0.0,0.0,1.0,22.0,0.0,0.0,0.0,0.0,0.0,0.0
FA-1453,PERSPIREX PIES,0.0,0.0,1.0,26.87,0.0,0.0,0.0,0.0,0.0,0.0
FA-1349,VITICOLOR GEL50ML,0.0,0.0,5.0,34.0,0.0,0.0,0.0,0.0,0.0,0.0
FA-1350,ACNIPOP FACE WASH,0.0,0.0,1.0,14.25,0.0,0.0,0.0,0.0,0.0,0.0
FA-1351,GUANTES DERMATOLOGICO M,0.0,0.0,4.0,18.45,0.0,0.0,0.0,0.0,0.0,0.0
FA-1352,PERTIUM 5MG X30,0.0,0.0,9.0,9.856666666666666,0.0,0.0,0.0,0.0,0.0,0.0
FA-1353,BIRETIX TRIACTIVE 50ML,0.0,0.0,3.0,34.05,0.0,0.0,0.0,0.0,0.0,0.0
FA-1355,HELIOCARE 360 PEDIATRICS LOTION SPF50200ML,0.0,0.0,8.0,23.5,0.0,0.0,0.0,0.0,0.0,0.0
FA-1356,TEEN DERM GEL SENSITIV 250ML,0.0,0.0,6.0,30.100000000000005,0.0,0.0,0.0,0.0,0.0,0.0
FA-1360,DIOVAN COM RECX320MGX28,0.0,0.0,7.0,35.96,0.0,0.0,0.0,0.0,0.0,0.0
FA-1348,VITX GEL REGULADOR50ML,0.0,0.0,2.0,49.8,0.0,0.0,0.0,0.0,0.0,0.0
FA-1299,VALERPAN SUSP INY 6.25/2.5MG/ML,0.0,0.0,16.0,6.56,0.0,0.0,0.0,0.0,0.0,0.0
FA-1300,VELVET SUNSCREEN 50ML,0.0,0.0,16.0,27.85,0.0,0.0,0.0,0.0,0.0,0.0
FA-1302,XEROLAN SPRAY 150ML,0.0,0.0,2.0,19.78,0.0,0.0,0.0,0.0,0.0,0.0
FA-1303,YEUX CONTORNO DE OJO TUBO X20G,0.0,0.0,3.0,24.55,0.0,0.0,0.0,0.0,0.0,0.0
FA-1305,DERMA-T SHAMPOO ANTICASPA 100ML,0.0,0.0,4.0,6.35,0.0,0.0,0.0,0.0,0.0,0.0
FA-1306,KERATIC 30 ML,0.0,0.0,7.0,22.0,0.0,0.0,0.0,0.0,0.0,0.0
FA-1308,QUERATOL 5% FPS10% 120G,0.0,0.0,2.0,10.95,0.0,0.0,0.0,0.0,0.0,0.0
FA-1309,GENOCUTAN GEL DERMATOLOGICO,0.0,0.0,11.0,25.319999999999997,0.0,0.0,0.0,0.0,0.0,0.0
FA-1329,POSITON CREMA TUBO 30*G,0.0,0.0,8.0,6.1,0.0,0.0,0.0,0.0,0.0,0.0
FA-1311,RUBORIL EXPET M 40ML,0.0,0.0,1.0,24.0,0.0,0.0,0.0,0.0,0.0,0.0
FA-1314,GLUCOFAGE XR TAB LIB PROL 750MG,0.0,0.0,3.0,15.51,0.0,0.0,0.0,0.0,0.0,0.0
FA-1315,DERMOVATE LOCION 0.05% CAPILAR FRASCO60ML,0.0,0.0,3.0,12.74,0.0,0.0,0.0,0.0,0.0,0.0
FA-1316,PILOPEPTAN CHAMPU,0.0,0.0,7.0,26.2,0.0,0.0,0.0,0.0,0.0,0.0
FA-1319,PROPOLEO D UNGT TUBO X 20G,0.0,0.0,1.0,14.5,0.0,0.0,0.0,0.0,0.0,0.0
FA-1320,ARGENZIL CREMA 30G,0.0,0.0,1.0,2.75,0.0,0.0,0.0,0.0,0.0,0.0
FA-1326,EXIMIA HYDRA MAT * 40G,0.0,0.0,8.0,14.4975,0.0,0.0,0.0,0.0,0.0,0.0
FA-1327,UMBRELA URBAN TUBO X 50G,0.0,0.0,5.0,24.35,0.0,0.0,0.0,0.0,0.0,0.0
FA-1310,GENOCUTAN - SOLUCION(MANO),0.0,0.0,4.0,5.09,0.0,0.0,0.0,0.0,0.0,0.0
FA-1417,AZA REC,0.0,0.0,2.0,23.2,0.0,0.0,0.0,0.0,0.0,0.0
FA-1419,ESPIRONOLACTONA 25MG,0.0,0.0,200.0,0.25,0.0,0.0,0.0,0.0,0.0,0.0
FA-1420,PILOPEPTAN CAPSULAS,0.0,0.0,360.0,0.5653333333333334,0.0,0.0,0.0,0.0,0.0,0.0
FA-1423,ENTEREX DIABETIC,0.0,0.0,2.0,18.2,0.0,0.0,0.0,0.0,0.0,0.0
FA-1425,BOREADE CL CREMA LAVANTE,0.0,0.0,5.0,22.6,0.0,0.0,0.0,0.0,0.0,0.0
FA-1426,BOREADE M EMULSION SEBORR,0.0,0.0,1.0,25.45,0.0,0.0,0.0,0.0,0.0,0.0
FA-1430,SECATRIZ LAPIZ SECATIVO 0.3GR,0.0,0.0,7.0,13.678571428571429,0.0,0.0,0.0,0.0,0.0,0.0
FA-1431,PHOTOCAGE STICK FPS 99-NUDE- 12GR,0.0,0.0,1.0,35.0,0.0,0.0,0.0,0.0,0.0,0.0
FA-1365,DEFAL 6 MG CAJA*20,0.0,0.0,60.0,0.46,0.0,0.0,0.0,0.0,0.0,0.0
FA-1434,DEPIWHITE ESPUMA,0.0,0.0,2.0,24.52,0.0,0.0,0.0,0.0,0.0,0.0
FA-1435,PILOPEPTAN PESTAÑAS Y CEJAS 6ML,0.0,0.0,5.0,38.45,0.0,0.0,0.0,0.0,0.0,0.0
FA-1436,EUCERIN TRIPLE EFFECT SERUM 40ML,0.0,0.0,4.0,37.5,0.0,0.0,0.0,0.0,0.0,0.0
FA-1439,HIDROTEX CREMA 1%,0.0,0.0,1.0,7.0,0.0,0.0,0.0,0.0,0.0,0.0
FA-1443,DUTAXIL LOCION 50ML,0.0,0.0,3.0,45.79999999999999,0.0,0.0,0.0,0.0,0.0,0.0
FA-1445,SEDACALM CREMA CALMANTE 120ML,0.0,0.0,3.0,20.15,0.0,0.0,0.0,0.0,0.0,0.0
FA-1446,DEPIWHITE ADVANCED CREMA 40ML,0.0,0.0,2.0,23.68,0.0,0.0,0.0,0.0,0.0,0.0
FA-1449,NOVOPHANE SHAMPOOING ENERGISANT 200ML,0.0,0.0,11.0,19.49818181818182,0.0,0.0,0.0,0.0,0.0,0.0
FA-1433,PICARPIN 5MG X 20 TABLTAS,0.0,0.0,1859.0,1.5,0.0,0.0,0.0,0.0,0.0,0.0
FA-1372,ROSAKALM,0.0,0.0,3.0,24.0,0.0,0.0,0.0,0.0,0.0,0.0
FA-1373,AKUN AHA CLARIFIER FRASCO 50ML,0.0,0.0,2.0,25.3,0.0,0.0,0.0,0.0,0.0,0.0
FA-1376,ENDOCARE RENEWAL RETINOL SERUM,0.0,0.0,1.0,42.61,0.0,0.0,0.0,0.0,0.0,0.0
FA-1377,ENDOCARE RADIANCE CONTORNO DE OJOS,0.0,0.0,3.0,31.0,0.0,0.0,0.0,0.0,0.0,0.0
FA-1380,HELIOCARE SPRAY,0.0,0.0,6.0,22.0,0.0,0.0,0.0,0.0,0.0,0.0
FA-1381,SCARLESS PARCHES,0.0,0.0,73.0,7.659999999999999,0.0,0.0,0.0,0.0,0.0,0.0
FA-1382,DUTASTERIDE 1MG BMCX30,0.0,0.0,538.0,0.85,0.0,0.0,0.0,0.0,0.0,0.0
FA-1383,RENOVADERM CREMA 60G,0.0,0.0,2.0,12.9,0.0,0.0,0.0,0.0,0.0,0.0
FA-1413,PURE VITAMIN C,0.0,0.0,3.0,39.42,0.0,0.0,0.0,0.0,0.0,0.0
FA-1392,NEOTONE BODY 100ML,0.0,0.0,18.0,33.19777777777777,0.0,0.0,0.0,0.0,0.0,0.0
FA-1396,FOAMING CLEANSER,0.0,0.0,1.0,30.5,0.0,0.0,0.0,0.0,0.0,0.0
FA-1398,TIZO AM CERMADS ANTIY ZIN,0.0,0.0,2.0,43.8,0.0,0.0,0.0,0.0,0.0,0.0
FA-1402,KETOCON SHAMPOO 2% THERAPY,0.0,0.0,1.0,11.25,0.0,0.0,0.0,0.0,0.0,0.0
FA-1403,AVENE AGUA THERMAL 150ML,0.0,0.0,12.0,11.64,0.0,0.0,0.0,0.0,0.0,0.0
FA-1405,HYNDRIAX 20MG,0.0,0.0,48.0,1.0999999999999999,0.0,0.0,0.0,0.0,0.0,0.0
FA-1410,ENDOCARE COMFORT CREAM 50ML,0.0,0.0,3.0,39.45,0.0,0.0,0.0,0.0,0.0,0.0
FA-1412,ANTHELIOS UVMINE TINTE OIL CONTROL 50ML,0.0,0.0,2.0,23.92,0.0,0.0,0.0,0.0,0.0,0.0
FA-1387,CUTANIT B GEL 20G,0.0,0.0,11.0,14.609999999999998,0.0,0.0,0.0,0.0,0.0,0.0
281508,EUCERIN CR CORP PH5 ADVANCED REPAIR 456G,0.0,0.0,14.0,31.583571428571428,0.0,0.0,0.0,0.0,0.0,0.0
283250,"GLYCO-A SOFT PEEL 5,5% 30|ML",0.0,0.0,3.0,25.78,0.0,0.0,0.0,0.0,0.0,0.0
283263,GLYCO-A MEDIUM PEEL 12%|30 ML,0.0,0.0,2.0,26.45,0.0,0.0,0.0,0.0,0.0,0.0
286691,DEBLAX 100000UI CAPS X1,0.0,0.0,11.0,20.08909090909091,0.0,0.0,0.0,0.0,0.0,0.0
286720,MUTUM 5MG COMP X30,0.0,0.0,318.0,0.6067295597484277,0.0,0.0,0.0,0.0,0.0,0.0
287112,CERAVE CR HIDRATANTE|177ML,0.0,0.0,6.0,13.953333333333333,0.0,0.0,0.0,0.0,0.0,0.0
287117,CERAVE CR ALISADO|ANTIRUGOSIDAD 177ML,0.0,0.0,2.0,18.77,0.0,0.0,0.0,0.0,0.0,0.0
CON297,PILOPEPTAN SÉRUM - REPARADOR|CAPILAR 30ML,0.0,0.0,9.0,24.083333333333332,0.0,0.0,0.0,0.0,0.0,0.0
287403,LIPIKAR BAUME AP+ 400ML,0.0,0.0,14.0,35.52,0.0,0.0,0.0,0.0,0.0,0.0
287486,EU DERMOPURE TRIPLE|EFFECT SERUM 40ML,0.0,0.0,12.0,37.409166666666664,0.0,0.0,0.0,0.0,0.0,0.0
287487,AQUAPHOR REPARACION DE|LABIOS S.O.S 10ML,0.0,0.0,15.0,9.49,0.0,0.0,0.0,0.0,0.0,0.0
287544,CERAVE GEL LIMPIADOR ESPUMA 473ML,0.0,0.0,3.0,23.13,0.0,0.0,0.0,0.0,0.0,0.0
287574,ACNOTIN 20MG CAPS X30 ( S ),0.0,0.0,1052.0,1.244980988593156,0.0,0.0,0.0,0.0,0.0,0.0
287724,LETI AT4 CR CORP TUBO 200ML ( S ),0.0,0.0,6.0,27.413333333333338,0.0,0.0,0.0,0.0,0.0,0.0
287728,LETI AT4 INTENSIVE TUBO|100ML ( S ),0.0,0.0,1.0,31.5,0.0,0.0,0.0,0.0,0.0,0.0
287730,LETI AT4 LECHE CORP FCO|250ML ( S ),0.0,0.0,8.0,30.1825,0.0,0.0,0.0,0.0,0.0,0.0
287119,CERAVE LIMPIADOR CR|ESPUMA HIDRATA 236ML,0.0,0.0,1.0,19.38,0.0,0.0,0.0,0.0,0.0,0.0
169,"PT - FACE AND BODY WASH|AKUN, JABÓN LÍQUIDO 200 ML",0.0,0.0,3.0,25.5,0.0,0.0,0.0,0.0,0.0,0.0
17662,MASTERGUARD GUANTES|QUIRURG #6.5,0.0,0.0,16.0,0.54,0.0,0.0,0.0,0.0,0.0,0.0
190501,EU PH5 ACEITE DE DUCHA|200ML,0.0,0.0,2.0,18.83,0.0,0.0,0.0,0.0,0.0,0.0
20470590,|MOPSALEM 10MG CAJA X 100 TABLETAS,0.0,0.0,426.0,0.5938967136150235,0.0,0.0,0.0,0.0,0.0,0.0
220302,FÓRMULA MAGISTRAL CÁPSULAS DUTASTERIDE 0.5MG,0.0,0.0,1920.0,0.6,0.0,0.0,0.0,0.0,0.0,0.0
2402001,PREDCOR 20MG X 30 TABS,0.0,0.0,41.0,0.7799999999999999,0.0,0.0,0.0,0.0,0.0,0.0
2403002,HIDROTAL 50ML DEO|ANTITRANSPIRANTE,0.0,0.0,2.0,11.85,0.0,0.0,0.0,0.0,0.0,0.0
280699,EFFACLAR CR FAC DUO(+)|PROT SOL30 40ML,0.0,0.0,2.0,38.24,0.0,0.0,0.0,0.0,0.0,0.0
248438,PILEXIL SH ANTICAIDA 300ML,0.0,0.0,1.0,28.62,0.0,0.0,0.0,0.0,0.0,0.0
251780,DAIVOBET (0.05+0.5)MG GEL 30G,0.0,0.0,11.0,23.519090909090906,0.0,0.0,0.0,0.0,0.0,0.0
252094,NEOTONE RADIANCE FRASCO|30 ML,0.0,0.0,1.0,28.63,0.0,0.0,0.0,0.0,0.0,0.0
261104,TEEN DERM GEL SENSITIVE|250 ML,0.0,0.0,13.0,28.826153846153847,0.0,0.0,0.0,0.0,0.0,0.0
264495,EU DERMOPURE GEL LIMPIEZA FACIAL 200ML,0.0,0.0,5.0,18.89,0.0,0.0,0.0,0.0,0.0,0.0
275828,EU ANTIPIGMENT DUAL SERUM FACIAL 30ML,0.0,0.0,76.0,53.8821052631579,0.0,0.0,0.0,0.0,0.0,0.0
276426,NEOTONE SERUM 30 ML,0.0,0.0,3.0,30.74666666666667,0.0,0.0,0.0,0.0,0.0,0.0
280695,EFFACLAR GEL LIMPIADOR|PURIFICANTE 300ML,0.0,0.0,12.0,29.465,0.0,0.0,0.0,0.0,0.0,0.0
24060012,CASPONIL SHAMPOO|ANTICASPA ANTICAIDA X|200ML|,0.0,0.0,5.0,12.484,0.0,0.0,0.0,0.0,0.0,0.0
300024,FÓRMULA MAGISTRAL CÁPSULAS DUTASTERIDE 0.5MG,30.0,3.0,0.0,0.0,0.0,3.0,100.0,0.0,0.0,0.0
300025,FÓRMULA MAGISTRAL CÁPSULAS DUTASTERIDE 1MG,10.0,1.0,0.0,0.0,0.0,1.0,100.0,0.0,0.0,0.0
300034,FÓRMULA MAGISTRAL CÁPSULAS FINASTERIDE 1MG,10.0,1.0,0.0,0.0,0.0,1.0,100.0,0.0,0.0,0.0
300052,FÓRMULA MAGISTRAL CÁPSULAS MINOXIDIL 1MG,40.0,4.0,0.0,0.0,0.0,4.0,100.0,0.0,0.0,0.0
300058,FÓRMULA MAGISTRAL CÁPSULAS|MINOXIDIL 2.5MG,80.0,8.0,2820.0,0.6,8.0,0.0,0.0,4.8,4.8,0.0
300059,FÓRMULA MAGISTRAL CÁPSULAS MINOXIDIL 2.5MG DUTASTERIDE 0.5MG,322.0,37.0,0.0,0.0,0.0,37.0,100.0,0.0,0.0,0.0
300066,FÓRMULA MAGISTRAL CÁPSULAS MINOXIDIL 2.5MG FINASTERIDE 2.5MG,20.0,2.0,0.0,0.0,0.0,2.0,100.0,0.0,0.0,0.0
287732,LETI AT4 LECHE FAC TUBO 50ML ( S ),0.0,0.0,49.0,22.67326530612245,0.0,0.0,0.0,0.0,0.0,0.0
300095,FÓRMULA MAGISTRAL CÁPSULAS|MINOXIDIL FORTE 5MG,50.0,5.0,2173.0,0.75,5.0,0.0,0.0,3.75,3.75,0.0
300126,MARTIDERM PROTEOS|SCREEN SPF50+COLOR (S),0.0,0.0,1.0,33.18,0.0,0.0,0.0,0.0,0.0,0.0
300129,MARTIDERM FLASH SERUM|15ML (S),0.0,0.0,5.0,23.78,0.0,0.0,0.0,0.0,0.0,0.0
300147,FÓRMULA MAGISTRAL LOCIÓN MINOXIDIL 5% FINASTERIDE 0.5% 60ML GOTERO,1.0,0.0,0.0,0.0,0.0,0.0,0.0,0.0,0.0,0.0
3006001,DERMO-3 EXFOLIANTE DUAL X|50 GR,0.0,0.0,2.0,11.22,0.0,0.0,0.0,0.0,0.0,0.0
376009525 0267,DEPIWHITE LECHE CORPORAL|200 ML,0.0,0.0,1.0,29.34,0.0,0.0,0.0,0.0,0.0,0.0
376009525 2926,SEDACALM CHAMPU|CALMANTE - 200ML,0.0,0.0,3.0,25.679999999999996,0.0,0.0,0.0,0.0,0.0,0.0
376009525 2933,SEDACALM CREMA CALMANTE 120ML,0.0,0.0,7.0,23.698571428571427,0.0,0.0,0.0,0.0,0.0,0.0
300084,FÓRMULA MAGISTRAL CÁPSULAS MINOXIDIL 5MG DUTASTERIDE 0.5MG,48.0,4.0,1890.0,0.9333333333333333,4.0,0.0,0.0,3.7333333333333334,3.7333333333333334,0.0
287781,ONY-TEC 8% SOL TOPICA FCO|3.3ML ( S ),0.0,0.0,1.0,31.0,0.0,0.0,0.0,0.0,0.0,0.0
287793,PILEXIL SH CASPA SECA|300ML,0.0,0.0,3.0,24.13,0.0,0.0,0.0,0.0,0.0,0.0
289183,EUCERIN ANTIPIGME ULTR LIGHT SERUM 30ML,0.0,0.0,1.0,51.83,0.0,0.0,0.0,0.0,0.0,0.0
290092,TEEN DERM AZ 30 ML,0.0,0.0,2.0,29.415,0.0,0.0,0.0,0.0,0.0,0.0
293304,CICAPLAST BAUME B5+ 40ML,0.0,0.0,36.0,12.054166666666667,0.0,0.0,0.0,0.0,0.0,0.0
295205,ANT PROT SOL UVMUNE|TOQUE SECO TINTE 50M,0.0,0.0,1.0,23.75,0.0,0.0,0.0,0.0,0.0,0.0
295605,CERAVE LOCION FACIAL AM|SPF 30 52M,0.0,0.0,1.0,21.21,0.0,0.0,0.0,0.0,0.0,0.0
299886,UVEBLOCK SERUM SPF50|28ML,0.0,0.0,5.0,28.49,0.0,0.0,0.0,0.0,0.0,0.0
296759,SECALIA FACE 40 ML,0.0,0.0,3.0,22.513333333333335,0.0,0.0,0.0,0.0,0.0,0.0
296771,TEEN DERM HYDRA 40 ML,0.0,0.0,1.0,28.8,0.0,0.0,0.0,0.0,0.0,0.0
297192,NEOTONE SENSITIVE BALM 30|ML,0.0,0.0,4.0,28.4275,0.0,0.0,0.0,0.0,0.0,0.0
298112,MELA B3 SERUM 30ML,0.0,0.0,21.0,52.19,0.0,0.0,0.0,0.0,0.0,0.0
298240,RUBORIL 100ML CLEANSING|BALM,0.0,0.0,5.0,24.997999999999998,0.0,0.0,0.0,0.0,0.0,0.0
299086,LETI AT4 MULTIPROTEC LOCION100 SPF50 (S),0.0,0.0,3.0,33.0,0.0,0.0,0.0,0.0,0.0,0.0
299087,LETI AT4 MULTIPROTE FACIAL 50M SPF50 (S),0.0,0.0,6.0,28.0,0.0,0.0,0.0,0.0,0.0,0.0
299151,SENSYLIA SERUM 30ML,0.0,0.0,3.0,36.35333333333333,0.0,0.0,0.0,0.0,0.0,0.0
296148,NEORETIN DC ULTRA EMUL DESPIGMENT X30(S),0.0,0.0,4.0,51.75,0.0,0.0,0.0,0.0,0.0,0.0
000013057 6,VELVET PROTEC SOLAR GEL|50+ TRANSP *50ML,0.0,0.0,17.0,29.4,0.0,0.0,0.0,0.0,0.0,0.0
000013155 2,AQUATOP CREMA P/SENSIBLE|SECA FCO*250G,0.0,0.0,6.0,29.14,0.0,0.0,0.0,0.0,0.0,0.0
000013289 9,ACTIVA HAIR GROWTH SH|*200ML,0.0,0.0,14.0,14.457142857142857,0.0,0.0,0.0,0.0,0.0,0.0
0000132966,EDAPIL M ESP AEROSOL 5% FCO*100G,0.0,0.0,57.0,27.8,0.0,0.0,0.0,0.0,0.0,0.0
0000133356,UMBRELLA EMUL URBAN|SPF50 *50G,0.0,0.0,9.0,22.8,0.0,0.0,0.0,0.0,0.0,0.0
0000133464,HELIOCARE 360 CAPSULAS FCO*30,0.0,0.0,437.0,0.9599771167048055,0.0,0.0,0.0,0.0,0.0,0.0
000013355 2,SOOLANTRA CREMA 1%|TUBO*30G,0.0,0.0,22.0,38.540454545454544,0.0,0.0,0.0,0.0,0.0,0.0
13638,KETOCON CAP 200MG CAJ*10,0.0,0.0,24.0,0.31708333333333333,0.0,0.0,0.0,0.0,0.0,0.0
000013476 1,BIODERMA ATODERM ACEITE|DUCHA HUILE *1L,0.0,0.0,10.0,23.622,0.0,0.0,0.0,0.0,0.0,0.0
000013476 2,BIODERMA ATODERM ACEITE|DUCHA HUIL*100ML,0.0,0.0,6.0,9.19,0.0,0.0,0.0,0.0,0.0,0.0
0000134761,BIODERMA ATODERM ACEITE DUCHA HUILE *1L,0.0,0.0,81.0,27.432345679012347,0.0,0.0,0.0,0.0,0.0,0.0
0000135647,HIDROFEROL CAP BLD 0.266MG CAJ*5,0.0,0.0,95.0,8.718421052631578,0.0,0.0,0.0,0.0,0.0,0.0
0000135818,ISDIN LOC UREADIN REPARA|ULTRA 10 *200M,0.0,0.0,2.0,25.58,0.0,0.0,0.0,0.0,0.0,0.0
0000135972,EUCERIN PH5 CREMA|ADVANCED REPAIR *450ML,0.0,0.0,8.0,32.23,0.0,0.0,0.0,0.0,0.0,0.0
0000136472,ISDIN FLUIDO ERYFOTONA AKNM SPF99 *50ML,0.0,0.0,2.0,36.38,0.0,0.0,0.0,0.0,0.0,0.0
0000136557,ISDIN GEL DE BANO UREADIN|*400ML,0.0,0.0,1.0,18.32,0.0,0.0,0.0,0.0,0.0,0.0
000013428 9,DEBLAX CAP BLD 100000UI|CAJ*1,0.0,0.0,15.0,18.850666666666665,0.0,0.0,0.0,0.0,0.0,0.0
0-018 000-018,PERSPIREX HAND 100ML|LOTION,0.0,0.0,1.0,24.59,0.0,0.0,0.0,0.0,0.0,0.0
000-003,PERSPIREX FOOT 100 ML|LOTION,0.0,0.0,1.0,24.59,0.0,0.0,0.0,0.0,0.0,0.0
000-007,PERSPIREX COMFORT 20ML,0.0,0.0,7.0,24.35,0.0,0.0,0.0,0.0,0.0,0.0
000-009,PERSPIREX STRONG 20 ML|ROLL ON,0.0,0.0,4.0,24.35,0.0,0.0,0.0,0.0,0.0,0.0
000-010,PERSPIREX ORIGINAL 20 ML|ROLL ON,0.0,0.0,1.0,22.38,0.0,0.0,0.0,0.0,0.0,0.0
000010870 2,GLUCOFAGE XR TAB LIB PROL|750MG CAJ*30,0.0,0.0,14.0,13.930714285714286,0.0,0.0,0.0,0.0,0.0,0.0
000011086 9,LETI AT4 CREMA FAC|EMOLIENTE *50ML,0.0,0.0,4.0,26.66,0.0,0.0,0.0,0.0,0.0,0.0
000013021 1,CLOB-X SHAMPOO 0.05%|FCO*125ML,0.0,0.0,18.0,26.242222222222225,0.0,0.0,0.0,0.0,0.0,0.0
000011577 3,EPIDUO GEL 0.1/2.5%|TUBO*30G,0.0,0.0,1.0,31.56,0.0,0.0,0.0,0.0,0.0,0.0
000011670 1,LACTIBON FEM LOC PH 3.5|FCO*240ML,0.0,0.0,9.0,9.982222222222223,0.0,0.0,0.0,0.0,0.0,0.0
0000116701,LACTIBON FEM LOC PH 3.5|FCO*240ML,0.0,0.0,9.0,8.42,0.0,0.0,0.0,0.0,0.0,0.0
000012025 2,LA ROCHE EFFACLAR GEL|LIMP PURIF *300ML,0.0,0.0,4.0,28.34,0.0,0.0,0.0,0.0,0.0,0.0
000012274 5,BIODERMA CICABIO CREMA|SOOTHING REP*40ML,0.0,0.0,22.0,23.1,0.0,0.0,0.0,0.0,0.0,0.0
000012704 3,DERMOVATE LOCION 0.05%|CAPILAR FCO*60ML,0.0,0.0,9.0,12.74,0.0,0.0,0.0,0.0,0.0,0.0
000012890 6,BIODERMA SENSIBIO GEL FAC|MOUS P/S*200ML,0.0,0.0,7.0,19.419999999999998,0.0,0.0,0.0,0.0,0.0,0.0
000012986 5,DEFAL COMP 30MG CAJ*10,0.0,0.0,140.0,2.125714285714286,0.0,0.0,0.0,0.0,0.0,0.0
0000114072,HEMOBLOCK COMP REC 500MG CAJ*12,0.0,0.0,1935.0,1.1623462532299742,0.0,0.0,0.0,0.0,0.0,0.0
05573,DERMOVATE LOCION 0.05%|CAPILAR FCO*25ML,0.0,0.0,5.0,5.32,0.0,0.0,0.0,0.0,0.0,0.0
05787,SALISH K SHAMPOO|ANTICASPA FCO*120ML,0.0,0.0,6.0,13.53,0.0,0.0,0.0,0.0,0.0,0.0
05990,EUROCLIN SOL TOPICA 1%| FCO*30ML(ANT),0.0,0.0,2.0,6.75,0.0,0.0,0.0,0.0,0.0,0.0
07235,DERMOVATE CREMA 0.05%|TUBO*30G,0.0,0.0,13.0,8.356153846153846,0.0,0.0,0.0,0.0,0.0,0.0
0788115374390,APREZO 10-20-30MG TAB REC PACK DOSIS INICIAL,0.0,0.0,2.0,120.0,0.0,0.0,0.0,0.0,0.0,0.0
0788115374406,APREZO 30MG TAB REC X56,0.0,0.0,2.0,292.0,0.0,0.0,0.0,0.0,0.0,0.0
09788,KY GEL LUBRICANTE|TUBO*50G,0.0,0.0,6.0,4.533333333333333,0.0,0.0,0.0,0.0,0.0,0.0
000013717 0,AQUASOL GEL 2.5G/100G|TUBO*30G,0.0,0.0,1.0,6.2,0.0,0.0,0.0,0.0,0.0,0.0
100822,FÓRMULA MAGISTRAL CÁPSULAS|FINASTERIDE 1MG,0.0,0.0,300.0,1.34,0.0,0.0,0.0,0.0,0.0,0.0
1088102,FÓRMULA MAGISTRAL CÁPSULAS MINOXIDIL 2.5MG DUTASTERIDE 0.5MG,0.0,0.0,13784.0,0.8326117237376668,0.0,0.0,0.0,0.0,0.0,0.0
1088106,FÓRMULA MAGISTRAL CÁPSULAS|MINOXIDIL 2.5MG FINASTERIDE|2.5MG,0.0,0.0,769.0,1.34,0.0,0.0,0.0,0.0,0.0,0.0
1088126,FÓRMULA MAGISTRAL CÁPSULAS|FINASTERIDE 2.5MG,0.0,0.0,223.0,1.3400000000000003,0.0,0.0,0.0,0.0,0.0,0.0
108895,FÓRMULA MAGISTRAL CÁPSULAS|MINOXIDIL 1MG,0.0,0.0,1355.0,0.5,0.0,0.0,0.0,0.0,0.0,0.0
11266,MICOTASTE SOLUCION|TOPICA 30ML,0.0,0.0,4.0,8.3475,0.0,0.0,0.0,0.0,0.0,0.0
11860,BRAUN DAFILON #4-0 75CM|DS-19 AGUJA 3/8C,0.0,0.0,12.0,2.0100000000000002,0.0,0.0,0.0,0.0,0.0,0.0
12371,ROXICAINA JALEA 2%|TUBO*30ML,0.0,0.0,37.0,2.9591891891891895,0.0,0.0,0.0,0.0,0.0,0.0
1,QUERATOL 40 CREMA X 5 G X 6,0.0,0.0,10.0,12.536,0.0,0.0,0.0,0.0,0.0,0.0
000013819 4,SALISH K PLUS SHAMPOO|ANTICASPA *260G,0.0,0.0,3.0,19.61,0.0,0.0,0.0,0.0,0.0,0.0
0000139131,ACTIVA SUPLEM ALIM HAIR GROWTH TAB *60,0.0,0.0,810.0,0.504641975308642,0.0,0.0,0.0,0.0,0.0,0.0
000014127 8,STRATADERM GEL AUX PCICATRICES *5G,0.0,0.0,7.0,16.014285714285712,0.0,0.0,0.0,0.0,0.0,0.0
0000142397,ISDIN FOTOPROTEC PED GELCREAM 50+*250ML,0.0,0.0,2.0,32.77,0.0,0.0,0.0,0.0,0.0,0.0
0000142787,ISDIN CREMA REJUV VITAL|EYE CONT OJO*15G,0.0,0.0,1.0,44.53,0.0,0.0,0.0,0.0,0.0,0.0
0000142789,ISDIN SERUM REJUVENATE|FLAVO-C *30ML,0.0,0.0,1.0,43.66,0.0,0.0,0.0,0.0,0.0,0.0
000014348 9,ISDIN FOTOPROTEC FUSION|WATER MAGIC*50ML,0.0,0.0,2.0,32.95,0.0,0.0,0.0,0.0,0.0,0.0
000014362 0,HELIOCARE 360 D PLUS|SUPLEM ALIM CAP *30,0.0,0.0,360.0,0.9256666666666666,0.0,0.0,0.0,0.0,0.0,0.0
023988,AKLIEF 50 UGG LOTE: 4710048,0.0,0.0,6.0,41.26,0.0,0.0,0.0,0.0,0.0,0.0
0000147842,EUCERIN SERUM EPIGENET|HYALUR FILL*30ML,0.0,0.0,9.0,58.64,0.0,0.0,0.0,0.0,0.0,0.0
000014789 4,CLOBEZAN LOCION CAP 0.05%|FCO*60MLCLOBEZAN LOCION CAP 0.05%|FCO*60ML,0.0,0.0,3.0,9.9,0.0,0.0,0.0,0.0,0.0,0.0
000014948 6,ISDIN TEEN SKIN GEL CREMA|ACNIBEN 2*40ML,0.0,0.0,1.0,22.8,0.0,0.0,0.0,0.0,0.0,0.0
0000149485,ISDIN GEL LIMP MATIFIC|ACNIBEN 1 *400ML,0.0,0.0,1.0,29.53,0.0,0.0,0.0,0.0,0.0,0.0
000015214 6,ISDIN SERUM MELACLEAR|ADVANCED *30ML,0.0,0.0,3.0,60.27,0.0,0.0,0.0,0.0,0.0,0.0
000015281 2,BIODERMA PHOTODERM|XDEFEN SPF50+ T3*40ML,0.0,0.0,1.0,33.76,0.0,0.0,0.0,0.0,0.0,0.0
000015331 2,ISDIN FOTOPROT INVISIBLE|STICK SPF50*10G,0.0,0.0,3.0,24.74,0.0,0.0,0.0,0.0,0.0,0.0
00247,CUTIVATE CREMA 0.05%|TUBO*15G,0.0,0.0,24.0,9.65,0.0,0.0,0.0,0.0,0.0,0.0
0000147678,ISDIN REJUVENATE SERUM|RETINAL INT *50ML,0.0,0.0,1.0,66.96,0.0,0.0,0.0,0.0,0.0,0.0
842337284 0210,PILOPEPTAN MASCARILLA CAPILAR|WOMAN,0.0,0.0,10.0,27.85,0.0,0.0,0.0,0.0,0.0,0.0
843657436 0462,IRALTONE SHAMPOO SEBOREGULADOR|FRASCO X 200ML,0.0,0.0,5.0,21.74,0.0,0.0,0.0,0.0,0.0,0.0
843657436 0523,IRALTONE SHAMPOO DS FRASCO X|200ML,0.0,0.0,69.0,16.597101449275364,0.0,0.0,0.0,0.0,0.0,0.0
843657436 0844,ENDOCARE HYDRACTIVE SOLUCION|AGUA MICELAR 400ML,0.0,0.0,2.0,22.31,0.0,0.0,0.0,0.0,0.0,0.0
843657436 1575,IRALTONE SD GEL 50ML,0.0,0.0,6.0,21.600000000000005,0.0,0.0,0.0,0.0,0.0,0.0
843657436 1599,BIRETIX CLEANSER 200ML,0.0,0.0,42.0,22.845714285714287,0.0,0.0,0.0,0.0,0.0,0.0
847000048 8894,GLIZIGEN NEBULIZADOR 60ML|SPRAY,0.0,0.0,2.0,26.77,0.0,0.0,0.0,0.0,0.0,0.0
376009525 3046,BOREADE M EMULSION|SEBORREGULADORA|MATIFICANTE - 40ML,0.0,0.0,1.0,25.45,0.0,0.0,0.0,0.0,0.0,0.0
847000186 6608,HELIOCARE 360 INVISIBLE SPRAY|SPF50 X 200ML,0.0,0.0,1.0,24.6,0.0,0.0,0.0,0.0,0.0,0.0
847000193 9456,IRALTONE SHAMPOO FORTIFICANTE|FRASCO X 200ML,0.0,0.0,23.0,21.82,0.0,0.0,0.0,0.0,0.0,0.0
847000197 7793,HELIOCARE 360 PIGMENT SOLUTION|FLUID X 50ML,0.0,0.0,12.0,24.570000000000004,0.0,0.0,0.0,0.0,0.0,0.0
8470001972088,HELIOCARE 360 D PLUS X 30 CAPSULAS,0.0,0.0,3120.0,1.0201923076923076,0.0,0.0,0.0,0.0,0.0,0.0
847000202 4434,HELIOCARE 360 SPORT|TRANSPIRACIÓN STICK SPF50 25GR,0.0,0.0,3.0,24.600000000000005,0.0,0.0,0.0,0.0,0.0,0.0
847000204 3954,ENDOCARE RENEWAL RETINOL|INTENSIVE SERUM X 30ML,0.0,0.0,3.0,39.13,0.0,0.0,0.0,0.0,0.0,0.0
8470002043947,ENDOCARE  RENEWAL RETINOL SERUM FRASCO X 30ML --,0.0,0.0,83.0,38.04060240963855,0.0,0.0,0.0,0.0,0.0,0.0
847000208 9471,IRALTONE LOCION ANTICAIDA FRASCO X|100ML,0.0,0.0,4.0,36.0,0.0,0.0,0.0,0.0,0.0,0.0
847000172 4137,HELIOCARE 360 GEL OIL FREE|SPF50 X 50ML,0.0,0.0,3.0,30.709999999999997,0.0,0.0,0.0,0.0,0.0,0.0
789538915 7253,PHOTOAGE STICK FPS 99 NUDE-16|GR,0.0,0.0,1.0,45.6,0.0,0.0,0.0,0.0,0.0,0.0
7895389155600,CLARITÉ CYSTEAMIN 5% - 30 GR,0.0,0.0,2.0,48.0,0.0,0.0,0.0,0.0,0.0,0.0
7895389156485,GLYCOLIQUE DAILY PEEL - 120 ML,0.0,0.0,13.0,27.0,0.0,0.0,0.0,0.0,0.0,0.0
7895389157376,PHOTOAGE WATER FPS 50-40 GR,0.0,0.0,6.0,28.0,0.0,0.0,0.0,0.0,0.0,0.0
7895389158748,GLYCOLIQUE JABÓN LÍQUIDO - 140 ML,0.0,0.0,8.0,25.0,0.0,0.0,0.0,0.0,0.0,0.0
789538916 1557,REVITRAT PRO FORCE CHAMPÚ - 200|ML,0.0,0.0,1.0,21.12,0.0,0.0,0.0,0.0,0.0,0.0
7895389160833,COMPOSE HIDRACARE - 30 GR,0.0,0.0,1.0,37.2,0.0,0.0,0.0,0.0,0.0,0.0
8423372800467,PILOPEPTAN WOMAN - 5 ALPHA,0.0,0.0,690.0,1.5,0.0,0.0,0.0,0.0,0.0,0.0
789538919 0021,IMPROVE C STICK GLOW -16 GR,0.0,0.0,1.0,36.0,0.0,0.0,0.0,0.0,0.0,0.0
7895389277890,SECATRIZ LOCIÓN SECATIVA FPS20-120 ML,0.0,0.0,18.0,31.200000000000003,0.0,0.0,0.0,0.0,0.0,0.0
789538976 5212,SECATRIZ JABÓN EN BARRA - 90 GR,0.0,0.0,6.0,10.93,0.0,0.0,0.0,0.0,0.0,0.0
816378020 416,REVITA SHAMPOO FRASCO X 205ML,0.0,0.0,136.0,25.626691176470587,0.0,0.0,0.0,0.0,0.0,0.0
816378020 492,SPECTRAL DNC-N FRASCO X 60ML +|ATOMIZADOR,0.0,0.0,3.0,34.78,0.0,0.0,0.0,0.0,0.0,0.0
816378020 690,DANDRENE SHAMPOO FRASCO X|205ML NF,0.0,0.0,5.0,28.26,0.0,0.0,0.0,0.0,0.0,0.0
816378020 720,REVITA TABLETAS CAJA X 30,0.0,0.0,315.0,1.1593333333333333,0.0,0.0,0.0,0.0,0.0,0.0
816378021 482,REVITA SHAMPOO CBD FRASCO X|205ML -- PRODUCTO CON IVA,0.0,0.0,7.0,30.125714285714285,0.0,0.0,0.0,0.0,0.0,0.0
7895389161502,CLARITÉ CUERPO - 75 GR,0.0,0.0,9.0,45.22,0.0,0.0,0.0,0.0,0.0,0.0
CON123,HIDRAT CERAMIDAS CREMA|100ML,0.0,0.0,3.0,11.92,0.0,0.0,0.0,0.0,0.0,0.0
CON232,VELVET SUNSCREEN FACE|COLOR 50ML,0.0,0.0,1.0,30.17,0.0,0.0,0.0,0.0,0.0,0.0
CON237,SEBONIL OIL CONTROL 200ML,0.0,0.0,2.0,16.95,0.0,0.0,0.0,0.0,0.0,0.0
CON242,BASSA ACTIVA SHAMPOO 200|ML.,0.0,0.0,9.0,16.281111111111112,0.0,0.0,0.0,0.0,0.0,0.0
CON243,BASSA ACTIVA SPRAY|CAPILAR 120 ML,0.0,0.0,3.0,20.57,0.0,0.0,0.0,0.0,0.0,0.0
CON245,SENSY DERM CREMA 30G,0.0,0.0,1.0,14.57,0.0,0.0,0.0,0.0,0.0,0.0
CON257,REPITEL PLUS 30G,0.0,0.0,1.0,16.88,0.0,0.0,0.0,0.0,0.0,0.0
847000211 7181,ENDOCARE RENEWAL CONTORNO DE OJOS 15ML,0.0,0.0,3.0,55.22,0.0,0.0,0.0,0.0,0.0,0.0
CON277,BASSA ACNETAB FRASCO X 30 TABLETAS,0.0,0.0,70.0,0.7912857142857143,0.0,0.0,0.0,0.0,0.0,0.0
CON278,BASSA ACTIVA HAIR GROWTH FRASCO X 60 TABLETAS,0.0,0.0,1685.0,0.45582789317507416,0.0,0.0,0.0,0.0,0.0,0.0
CON286,BASSA ACTIVA SHAMPOO|ANTICASPA HIDRATANTE 200|ML,0.0,0.0,5.0,13.7,0.0,0.0,0.0,0.0,0.0,0.0
UR-8516,URIAGE-CUIDADO E HIGIENE-DESODORANTE-PACK DESODORANTE X 2 50ML,0.0,0.0,12.0,18.58,0.0,0.0,0.0,0.0,0.0,0.0
CRTRHH,RECETARIO MAGISTRAL CREMA|TRANEXAMICO HIDROQUIN HIDROCORT|30|,0.0,0.0,128.0,40.0,0.0,0.0,0.0,0.0,0.0,0.0
CRURLA,RECETARIO MAGISTRAL UREA AC|SALICILICO CLOBET LACTATO AMONIO|PET|,0.0,0.0,18.0,20.0,0.0,0.0,0.0,0.0,0.0,0.0
DIS-000- 002,XERAC AC 35ML,0.0,0.0,3.0,31.42,0.0,0.0,0.0,0.0,0.0,0.0
DPD0112,STRATADERM GEL 10G,0.0,0.0,26.0,28.1,0.0,0.0,0.0,0.0,0.0,0.0
CON269,SENSY DERM ATOPIC LOCION|200ML,0.0,0.0,1.0,25.63,0.0,0.0,0.0,0.0,0.0,0.0
847000214 7102,HELIOCARE 360 SENSATION SPF50+ 50ML,0.0,0.0,11.0,30.71,0.0,0.0,0.0,0.0,0.0,0.0
881314134 410,SPECTRAL LASH DISPENSADOR X|2.4ML,0.0,0.0,1.0,56.27,0.0,0.0,0.0,0.0,0.0,0.0
890409110 0910,FINTOP CREMA X 15GR BUTENAFINA|CLORHIDRATO 1G,0.0,0.0,3.0,10.476666666666667,0.0,0.0,0.0,0.0,0.0,0.0
8904091112951,TACROZ FORTE OINTMENT EC CAJA TUBO15G,0.0,0.0,27.0,15.877777777777778,0.0,0.0,0.0,0.0,0.0,0.0
8904091119837,CANDITRAL 100 MG CAJA X 16 CÁPSULAS ITRACONAZOL,0.0,0.0,997.0,1.57,0.0,0.0,0.0,0.0,0.0,0.0
ATA30,RECETARIO MAGISTRAL AC.|TRICLOROACETICO 35,0.0,0.0,1.0,40.0,0.0,0.0,0.0,0.0,0.0,0.0
AV-1001,AVENE-EAU THERMALEREPARADORA-AEROSOL EAU|THERMALE 150ML,0.0,0.0,1.0,12.07,0.0,0.0,0.0,0.0,0.0,0.0
CON024,AC-LAC JABON 90 G,0.0,0.0,1.0,3.0,0.0,0.0,0.0,0.0,0.0,0.0
AV-1420,AVENE-CLEANANCE-PIEL|ACNEICA-CLEANANCE GEL|100ML|,0.0,0.0,1.0,12.96,0.0,0.0,0.0,0.0,0.0,0.0
AV-1421,AVENE-CLEANANCE-PIEL|ACNEICA-CLEANANCE GEL|TUBE 200ML|,0.0,0.0,1.0,26.96,0.0,0.0,0.0,0.0,0.0,0.0
AV-1427,AVENE-CLEANANCE-PIEL|ACNEICA-CLEANANCE|COMEDOMED PEELING|,0.0,0.0,3.0,25.06,0.0,0.0,0.0,0.0,0.0,0.0
AV-1752,AVENE-CICALFATETRATAMIENTO CICATRIZ.-|REPATILIZANTE-BACTERICICALFATE+ 40ML|,0.0,0.0,2.0,16.36,0.0,0.0,0.0,0.0,0.0,0.0
BIO-000-001,EPIDERM 1000 14 5 3 CM,0.0,0.0,8.0,37.61,0.0,0.0,0.0,0.0,0.0,0.0
C100,CYLIANE BARRA INTIMA 100G,0.0,0.0,5.0,12.958000000000002,0.0,0.0,0.0,0.0,0.0,0.0
CON010,HIDRAT CREMA 120GR,0.0,0.0,3.0,6.52,0.0,0.0,0.0,0.0,0.0,0.0
CON023,AC-LAC LOCION 200ML,0.0,0.0,2.0,5.22,0.0,0.0,0.0,0.0,0.0,0.0
AV-1002,AVENE-EAU THERMALEREPARADORA-AEROSOL EAU|THERMALE 300M|,0.0,0.0,6.0,20.4,0.0,0.0,0.0,0.0,0.0,0.0
500009,LOCIÓN ANTITRANSPIRANTE 200ML,25.0,5.0,32.0,20.53,5.0,0.0,0.0,102.65,102.65,0.0
500016,MINOXIDIL 5% + ALOE VERA LOCIÓN|GOTERO 60M,0.0,0.0,6.0,18.981666666666666,0.0,0.0,0.0,0.0,0.0,0.0
565071,METOTREXATO MEDICAMENTA COMP 2.5 MG *100,0.0,0.0,297.0,0.17,0.0,0.0,0.0,0.0,0.0,0.0
7703153040116,VITYBELL CAJAX30 UNIDADES CBG,0.0,0.0,1365.0,0.6956630036630037,0.0,0.0,0.0,0.0,0.0,0.0
7703153041106,CROMUS0.1UNG CJA*1T,0.0,0.0,32.0,20.62375,0.0,0.0,0.0,0.0,0.0,0.0
770328100 0280,ZUDENINA PLUS GEL TUBO X|30 G,0.0,0.0,36.0,23.583333333333332,0.0,0.0,0.0,0.0,0.0,0.0
770328100 1188,DERMOSUPRIL ESPUMA X 50G,0.0,0.0,3.0,10.31,0.0,0.0,0.0,0.0,0.0,0.0
789538915 1671,SENSKIN DEO CALÉNDULA - 150ML,0.0,0.0,1.0,20.4,0.0,0.0,0.0,0.0,0.0,0.0
770328100 1553,LUMED BASE COMPACTA TONO| OSCURO 11G,0.0,0.0,44.0,27.33181818181818,0.0,0.0,0.0,0.0,0.0,0.0
770328100 1836,EDAPIL M ESPUMA EN AEROSOL|CAJA X FRASCO X 100,0.0,0.0,35.0,27.65714285714286,0.0,0.0,0.0,0.0,0.0,0.0
770328100 1881,UMBRELLA INTELLIGENT SPF 100 X|50G NF -- PRODUCTO CON IVA,0.0,0.0,2.0,23.04,0.0,0.0,0.0,0.0,0.0,0.0
770328100 2154,MAAT MOUSE TONO 2 CREMA X25G,0.0,0.0,15.0,21.98,0.0,0.0,0.0,0.0,0.0,0.0
770328100 2451,UMBRELLA URBAN X 50G NF,0.0,0.0,19.0,25.22,0.0,0.0,0.0,0.0,0.0,0.0
770328100 3144,DERMOSUPRIL EMULSION 120,0.0,0.0,4.0,15.96,0.0,0.0,0.0,0.0,0.0,0.0
770328100 8415,DERMACORTINE CREMA 0.1% CAJA|TUBO X 15G,0.0,0.0,9.0,12.578888888888889,0.0,0.0,0.0,0.0,0.0,0.0
770328100 8439,DERMACORTINE EMULSION|1% CAJA FRASCO X 60 ML,0.0,0.0,1.0,15.7,0.0,0.0,0.0,0.0,0.0,0.0
770328100 1546,LUMED BASE COMPACTA TONO CLARO|11G,0.0,0.0,36.0,27.155555555555555,0.0,0.0,0.0,0.0,0.0,0.0
376009525 3893,BOREADE GLOBAL EMULSION|CORRECTORA ANTIIMPERFECCIONES - 40ML,0.0,0.0,2.0,25.0,0.0,0.0,0.0,0.0,0.0,0.0
400002,FLUIDBASE MAX,0.0,0.0,2.0,34.905,0.0,0.0,0.0,0.0,0.0,0.0
400003,FLUIDBASE REDERM BEBIBLE,2.0,0.0,40.0,1.52875,0.0,0.0,0.0,0.0,0.0,0.0
400006,FLUIDBASE REDERM RETINOL +|VITAMINA C,5.0,1.0,12.0,34.78,1.0,0.0,0.0,34.78,34.78,0.0
400016,GENOCURE GUANTE DERMATOLÓGICO|- M,0.0,0.0,4.0,19.494999999999997,0.0,0.0,0.0,0.0,0.0,0.0
400041,PILOPEPTAN CÁPSULAS - HOMBRE|,10.0,2.0,60.0,0.61,2.0,0.0,0.0,1.22,1.22,0.0
400042,PILOPEPTAN CHAMPÚ - HOMBRE,29.0,6.0,38.0,25.907894736842106,6.0,0.0,0.0,155.44736842105263,155.44736842105263,0.0
500004,ALKIX-TRAN SHAMPOO BMC 240GR,5.0,1.0,0.0,0.0,0.0,1.0,100.0,0.0,0.0,0.0
400045,PILOPEPTAN INTENSIVE,90.0,22.0,1935.0,3.426093023255814,22.0,0.0,0.0,75.37404651162791,75.37404651162791,0.0
400047,PILOPEPTAN MASCARILLA CAPILAR WOMAN,10.0,2.0,0.0,0.0,0.0,2.0,100.0,0.0,0.0,0.0
400048,PILOPEPTAN PESTAÑAS Y CEJAS,2.0,0.0,0.0,0.0,0.0,0.0,0.0,0.0,0.0,0.0
400050,PILOPEPTAN SEB-DS CÁPSULAS,9.0,2.0,0.0,0.0,0.0,2.0,100.0,0.0,0.0,0.0
400051,PILOPEPTAN SÉRUM - REPARADOR CAPILAR 30ML,5.0,1.0,0.0,0.0,0.0,1.0,100.0,0.0,0.0,0.0
400052,PILOPEPTAN WOMAN - 5 ALPHA,20.0,4.0,0.0,0.0,0.0,4.0,100.0,0.0,0.0,0.0
400053,PILOPEPTAN WOMAN -|COMPRIMIDOS,25.0,5.0,762.0,1.5004199475065616,5.0,0.0,0.0,7.502099737532808,7.502099737532808,0.0
500001,5-FLUOROURACILO 5%  30G,56.0,10.0,68.0,19.308823529411764,10.0,0.0,0.0,193.08823529411765,193.08823529411765,0.0
400043,PILOPEPTAN CHAMPÚ - SEB DS,5.0,1.0,0.0,0.0,0.0,1.0,100.0,0.0,0.0,0.0
786210355 0263,TERBIFUNG CREMA 1% X 15 G,0.0,0.0,51.0,7.100980392156862,0.0,0.0,0.0,0.0,0.0,0.0
786210355 0928,SCRUBGEL FACE X 60 G,0.0,0.0,5.0,11.969999999999999,0.0,0.0,0.0,0.0,0.0,0.0
786210355 2397,PHOTOCARE IP GEL X 50G,0.0,0.0,1.0,20.87,0.0,0.0,0.0,0.0,0.0,0.0
786210355 3660,ISOFACE 20MG CAJA X 30 CAPSULAS|LIQUIDAS,0.0,0.0,90.0,1.27,0.0,0.0,0.0,0.0,0.0,0.0
786210355 3677,ISOFACE 10MG CAJA X 30 CAPSULAS|LIQUIDAS,0.0,0.0,50.0,0.9216,0.0,0.0,0.0,0.0,0.0,0.0
786210355 4070,SALISH K SHAMPOO X120ML,0.0,0.0,8.0,14.76625,0.0,0.0,0.0,0.0,0.0,0.0
786210355 5275,QUERATOL CERAMIDAS FRASCO X|200GR,0.0,0.0,1.0,18.12,0.0,0.0,0.0,0.0,0.0,0.0
7703281001041,RESVERAX CREMA CAJA FRASCO X 30G -- PRODUCTO CON IVA,0.0,0.0,11.0,27.480000000000004,0.0,0.0,0.0,0.0,0.0,0.0
786211135 0923,LACTIBON ESPUMA LIMPIADORA X|160 ML -- PRODUCTO CON IVA,0.0,0.0,2.0,11.3,0.0,0.0,0.0,0.0,0.0,0.0
786213709 0032,RASERDERM R RETINOL 50 ML|SOL. FACIAL FCO X 1,0.0,0.0,3.0,9.43,0.0,0.0,0.0,0.0,0.0,0.0
7868000495133,LOCIÓN ANTITRANSPIRANTE 100ML,0.0,0.0,8.0,11.9,0.0,0.0,0.0,0.0,0.0,0.0
7868000495164,5-FLUOROURACILO 5%  30G,0.0,0.0,10.0,19.0,0.0,0.0,0.0,0.0,0.0,0.0
789538913 1932,COMPOSE SABONETE MOUSSE-150|ML,0.0,0.0,1.0,28.8,0.0,0.0,0.0,0.0,0.0,0.0
789538914 5076,AGE INVERSE NIGHT REPAIR - 45 GR,0.0,0.0,1.0,60.0,0.0,0.0,0.0,0.0,0.0,0.0
7895389145410,SECATRIZ SALIC JABÓN LÍQUIDO - 115 ML,0.0,0.0,19.0,17.436315789473685,0.0,0.0,0.0,0.0,0.0,0.0
7895389148138,SECATRIZ PREBIO CONTROL - 40 GR,0.0,0.0,34.0,23.915294117647058,0.0,0.0,0.0,0.0,0.0,0.0
7862103554285,SALISH K PLUS SHAMPOO ANTICASPA FRASCO X 260G --,0.0,0.0,5.0,17.1,0.0,0.0,0.0,0.0,0.0,0.0
7703281002468,UMBRELLA PERFECT SKIN X 50G TONO CLARO NF -- PRODUCTO CON IVA,0.0,0.0,3.0,23.88,0.0,0.0,0.0,0.0,0.0,0.0
7703281002475,UMBRELLA PERFECT SKIN 50G TONO OSCURO NF -- PRODUCTO CON IVA,0.0,0.0,1.0,23.88,0.0,0.0,0.0,0.0,0.0,0.0
770328102 0028,CIRCADIEN SERUM|PREVENTIVO X 40ML HID,0.0,0.0,1.0,38.17,0.0,0.0,0.0,0.0,0.0,0.0
7703281020011,LUMED SERUM X 20 ML -- PRODUCTO CON IVA,0.0,0.0,3.0,28.91,0.0,0.0,0.0,0.0,0.0,0.0
770333300 7274,BETAZOL CREMA CAJA X 1 TUBO X|30 G,0.0,0.0,10.0,8.22,0.0,0.0,0.0,0.0,0.0,0.0
770416300 0411,HIDROTEX CREMA TUBO X|30G,0.0,0.0,15.0,7.354,0.0,0.0,0.0,0.0,0.0,0.0
779198400 1062,SALISH-K ANTICAIDA SHAMPOO|FRASCO X 200 ML |,0.0,0.0,27.0,18.566666666666666,0.0,0.0,0.0,0.0,0.0,0.0
779534700 1034,CUTANIT B UNGUE X 30G,0.0,0.0,8.0,21.25,0.0,0.0,0.0,0.0,0.0,0.0
786210355 0256,TERBIFUNG 250 MG TABLETAS X 30,0.0,0.0,252.0,2.06,0.0,0.0,0.0,0.0,0.0,0.0
779534792 0496,"DAPSOGEL DERMICO 7,5%*30G",0.0,0.0,65.0,17.91323076923077,0.0,0.0,0.0,0.0,0.0,0.0
779538000 0377,CLOBESOL L. A. CREMA CAJA TUBO|X 30 G,0.0,0.0,46.0,7.467391304347826,0.0,0.0,0.0,0.0,0.0,0.0
779538004 2858,ILOTICINA SOLUCION X 120 ML,0.0,0.0,1.0,11.0,0.0,0.0,0.0,0.0,0.0,0.0
7798178623529,EXIMIA  HYALU FILLER COMPLEX 3D NOCHE 50G --,0.0,0.0,69.0,28.779710144927535,0.0,0.0,0.0,0.0,0.0,0.0
7798178624021,EXIMIA AQUA MAT GEL X 190ML --,0.0,0.0,31.0,16.686451612903223,0.0,0.0,0.0,0.0,0.0,0.0
786101121 1433,BASSA KERATIC 30ML,0.0,0.0,9.0,19.577777777777776,0.0,0.0,0.0,0.0,0.0,0.0
786101121 1716,CLARIAL MED ACLARANTE|DESPIGMENTANTE GEL 30 ML.,0.0,0.0,1.0,24.0,0.0,0.0,0.0,0.0,0.0,0.0
786101121 1723,CLARIAL MED ACLARANTE|DESPIGMENTANTE CREMA 30|ML,0.0,0.0,8.0,24.0,0.0,0.0,0.0,0.0,0.0,0.0
779534791 3023,CUTANIT LOCION*20ML,0.0,0.0,4.0,12.997499999999999,0.0,0.0,0.0,0.0,0.0,0.0
